chain,resid,resname,max_contact_freq
receptor,35,ILE,0.0000
receptor,36,VAL,0.0041
receptor,37,ASN,0.0000
receptor,38,GLY,0.0000
receptor,39,PHE,0.0000
receptor,40,GLU,0.0000
receptor,41,VAL,0.0000
receptor,42,ASP,0.0000
receptor,43,LEU,0.0000
receptor,44,VAL,0.0000
receptor,45,ASP,0.0000
receptor,46,VAL,0.0000
receptor,47,PRO,0.0000
receptor,48,TYR,0.0000
receptor,49,GLN,0.0000
receptor,50,ALA,0.0000
receptor,51,SER,0.0000
receptor,52,LEU,0.0000
receptor,53,ARG,0.0000
receptor,54,ARG,0.0000
receptor,55,LYS,0.9987
receptor,56,ILE,0.9949
receptor,57,LEU,0.5722
receptor,58,SER,0.6426
receptor,59,GLY,0.0003
receptor,60,TRP,0.0906
receptor,61,GLY,0.0000
receptor,62,HIE,0.0490
receptor,63,MET,0.4448
receptor,64,CYX,0.0000
receptor,65,GLY,0.0000
receptor,66,ALA,0.0000
receptor,67,VAL,0.0000
receptor,68,ILE,0.0000
receptor,69,ILE,0.0000
receptor,70,THR,0.0000
receptor,71,SER,0.0000
receptor,72,ARG,0.0000
receptor,73,GLY,0.0000
receptor,74,ILE,0.0000
receptor,75,LEU,0.0000
receptor,76,THR,0.0000
receptor,77,ALA,0.0000
receptor,78,ALA,0.0000
receptor,79,HID,0.1250
receptor,80,CYX,0.0000
receptor,81,VAL,0.0000
receptor,82,ILE,0.0000
receptor,83,SER,0.0000
receptor,84,TYR,0.0036
receptor,85,GLU,0.1508
receptor,86,THR,0.0000
receptor,87,THR,0.0000
receptor,88,PRO,0.0000
receptor,89,SER,0.0000
receptor,90,SER,0.0000
receptor,91,LEU,0.0000
receptor,92,ARG,0.0000
receptor,93,VAL,0.0000
receptor,94,ALA,0.0000
receptor,95,VAL,0.0000
receptor,96,GLY,0.0000
receptor,97,THR,0.0000
receptor,98,ALA,0.0000
receptor,99,TYR,0.9219
receptor,100,ARG,0.0000
receptor,101,LEU,0.0000
receptor,102,SER,0.0000
receptor,103,GLY,0.0000
receptor,104,GLY,0.0000
receptor,105,LYS,0.0000
receptor,106,SER,0.0000
receptor,107,TYR,0.0000
receptor,108,ASP,0.0000
receptor,109,VAL,0.0000
receptor,110,ALA,0.0000
receptor,111,SER,0.0000
receptor,112,VAL,0.0000
receptor,113,ILE,0.0000
receptor,114,VAL,0.0000
receptor,115,HID,0.0000
receptor,116,GLU,0.0000
receptor,117,ALA,0.0000
receptor,118,TYR,0.0000
receptor,119,SER,0.0003
receptor,120,THR,0.7629
receptor,121,ALA,0.6362
receptor,122,THR,0.7433
receptor,123,LEU,0.4721
receptor,124,GLU,0.0189
receptor,125,HID,0.0000
receptor,126,ASP,0.0009
receptor,127,ILE,0.0000
receptor,128,ALA,0.0000
receptor,129,LEU,0.0000
receptor,130,LEU,0.0000
receptor,131,ALA,0.0000
receptor,132,THR,0.0000
receptor,133,ALA,0.0000
receptor,134,LYS,0.0000
receptor,135,LEU,0.0000
receptor,136,MET,0.0000
receptor,137,SER,0.0000
receptor,138,PHE,0.0000
receptor,139,GLY,0.0000
receptor,140,PRO,0.0000
receptor,141,THR,0.0000
receptor,142,VAL,0.0000
receptor,143,HID,0.0000
receptor,144,PRO,0.0000
receptor,145,ILE,0.0000
receptor,146,SER,0.0000
receptor,147,ILE,0.0000
receptor,148,ALA,0.0000
receptor,149,ASP,0.0000
receptor,150,GLN,0.0000
receptor,151,PHE,0.0000
receptor,152,LEU,0.0000
receptor,153,ALA,0.0000
receptor,154,LEU,0.0000
receptor,155,PRO,0.0000
receptor,156,THR,0.0000
receptor,157,GLY,0.0000
receptor,158,THR,0.0000
receptor,159,GLU,0.0000
receptor,160,ALA,0.0000
receptor,161,LEU,0.0000
receptor,162,VAL,0.0000
receptor,163,SER,0.0000
receptor,164,GLY,0.0000
receptor,165,PHE,0.0490
receptor,166,GLY,0.7362
receptor,167,THR,0.9147
receptor,168,THR,0.0000
receptor,169,SER,0.2821
receptor,170,TYR,0.4114
receptor,171,GLU,0.2081
receptor,172,GLY,0.2288
receptor,173,PRO,0.2994
receptor,174,SER,0.2278
receptor,175,SER,0.4542
receptor,176,ASN,0.0000
receptor,177,VAL,0.0000
receptor,178,LEU,0.0000
receptor,179,LEU,0.0000
receptor,180,ALA,0.0000
receptor,181,ALA,0.0000
receptor,182,LYS,0.0000
receptor,183,VAL,0.0000
receptor,184,ASN,0.0000
receptor,185,ILE,0.0000
receptor,186,VAL,0.0000
receptor,187,ALA,0.0000
receptor,188,GLN,0.0000
receptor,189,GLU,0.0000
receptor,190,THR,0.0000
receptor,191,CYX,0.0000
receptor,192,ALA,0.0000
receptor,193,ARG,0.0000
receptor,194,ALA,0.0000
receptor,195,TYR,0.0000
receptor,196,LEU,0.0000
receptor,197,ARG,0.5045
receptor,198,LEU,0.0000
receptor,199,ALA,0.0000
receptor,200,THR,0.0000
receptor,201,ILE,0.0000
receptor,202,THR,0.0000
receptor,203,THR,0.0000
receptor,204,GLY,0.0000
receptor,205,MET,0.0000
receptor,206,LEU,0.0000
receptor,207,CYX,0.0000
receptor,208,ALA,0.0000
receptor,209,ASN,0.0000
receptor,210,ALA,0.0000
receptor,211,SER,0.0000
receptor,212,SER,0.0000
receptor,213,PRO,0.0000
receptor,214,PRO,0.0000
receptor,215,ARG,0.0000
receptor,216,ASP,0.0000
receptor,217,ALA,0.0000
receptor,218,CYX,0.3645
receptor,219,GLN,0.9309
receptor,220,GLY,0.8226
receptor,221,ASP,0.0000
receptor,222,SER,0.0024
receptor,223,GLY,0.0000
receptor,224,GLY,0.0000
receptor,225,PRO,0.0000
receptor,226,LEU,0.0000
receptor,227,VAL,0.0000
receptor,228,ALA,0.0000
receptor,229,LYS,0.0000
receptor,230,ASN,0.0000
receptor,231,HID,0.0000
receptor,232,LEU,0.0000
receptor,233,ILE,0.0000
receptor,234,GLY,0.0000
receptor,235,ILE,0.0000
receptor,236,VAL,0.0000
receptor,237,SER,0.0001
receptor,238,PHE,0.1344
receptor,239,GLY,0.0787
receptor,240,GLU,0.9736
receptor,241,GLY,0.0001
receptor,242,CYX,0.4072
receptor,243,ALA,0.0000
receptor,244,ASP,0.0211
receptor,245,SER,0.0000
receptor,246,LYS,0.0000
receptor,247,TYR,0.0000
receptor,248,PRO,0.0000
receptor,249,GLY,0.0000
receptor,250,VAL,0.0000
receptor,251,TYR,0.0000
receptor,252,THR,0.0000
receptor,253,ARG,0.0000
receptor,254,VAL,0.0000
receptor,255,SER,0.0000
receptor,256,PHE,0.0000
receptor,257,TYR,0.0000
receptor,258,GLY,0.0000
receptor,259,GLU,0.0000
receptor,260,TRP,0.0000
receptor,261,ILE,0.0000
receptor,262,TRP,0.0000
receptor,263,ARG,0.0000
receptor,264,LYS,0.0000
receptor,265,VAL,0.0000
receptor,266,ALA,0.0000
ligand,267,VAL,0.4365
ligand,268,LEU,0.9276
ligand,269,ARG,0.7520
ligand,270,GLY,0.0054
ligand,271,GLY,0.0249
ligand,272,SER,0.0633
ligand,273,GLY,0.0791
ligand,274,GLY,0.5722
ligand,275,SER,0.6426
ligand,276,GLY,0.7232
ligand,277,GLY,0.9553
ligand,278,SER,0.9987
ligand,279,VAL,0.0023
ligand,280,LEU,0.8226
ligand,281,LYS,0.9309
ligand,282,GLY,0.0000
ligand,283,GLY,0.0000
ligand,284,SER,0.0000
ligand,285,GLY,0.0000
ligand,286,GLY,0.0000
ligand,287,SER,0.0000
ligand,288,GLY,0.0183
ligand,289,GLY,0.0006
ligand,290,SER,0.0310
ligand,291,VAL,0.0000
ligand,292,LEU,0.1728
ligand,293,ARG,0.9736
ligand,294,GLY,0.0000
ligand,295,GLY,0.0000
ligand,296,SER,0.0000
ligand,297,GLY,0.0000
ligand,298,GLY,0.0000
ligand,299,SER,0.0000
ligand,300,GLY,0.0000
ligand,301,GLY,0.0000
ligand,302,SER,0.0013
ligand,303,VAL,0.0000
ligand,304,LEU,0.4721
ligand,305,LYS,0.4414
ligand,306,GLY,0.0000
ligand,307,GLY,0.0000
ligand,308,SER,0.0000
ligand,309,GLY,0.0000
ligand,310,GLY,0.0000
ligand,311,SER,0.0000
ligand,312,GLY,0.0000
ligand,313,GLY,0.0000
ligand,314,SER,0.0000
ligand,315,VAL,0.0000
ligand,316,LEU,0.7629
ligand,317,ARG,0.7433
ligand,318,GLY,0.0000
ligand,319,GLY,0.0000
ligand,320,SER,0.0000
ligand,321,GLY,0.0000
ligand,322,GLY,0.0000
ligand,323,SER,0.0000
ligand,324,GLY,0.0000
ligand,325,GLY,0.0000
ligand,326,SER,0.0000
ligand,327,VAL,0.0000
ligand,328,LEU,0.1714
ligand,329,LYS,0.1978
ligand,330,GLY,0.0000
ligand,331,GLY,0.0000
ligand,332,SER,0.0000
ligand,333,GLY,0.0000
ligand,334,GLY,0.0000
ligand,335,SER,0.0000
ligand,336,GLY,0.0000
ligand,337,GLY,0.0000
ligand,338,SER,0.0000
ligand,339,VAL,0.0000
ligand,340,LEU,0.0000
ligand,341,ARG,0.0000
