chain,resid,resname,max_contact_freq,features
receptor,55,LYS,0.9987,"hbond_donor;positive_ionizable"
ligand,278,SER,0.9987,"hbond_acceptor;hbond_donor"
receptor,56,ILE,0.9949,"hydrophobic"
receptor,240,GLU,0.9736,"hbond_acceptor;negative_ionizable"
ligand,293,ARG,0.9736,"hbond_donor;positive_ionizable"
ligand,277,GLY,0.9553,"none"
receptor,219,GLN,0.9309,"hbond_acceptor;hbond_donor"
ligand,281,LYS,0.9309,"hbond_donor;positive_ionizable"
ligand,268,LEU,0.9276,"hydrophobic"
receptor,99,TYR,0.9219,"aromatic;hbond_acceptor;hbond_donor;hydrophobic"
receptor,167,THR,0.9147,"hbond_acceptor;hbond_donor"
receptor,220,GLY,0.8226,"none"
ligand,280,LEU,0.8226,"hydrophobic"
receptor,120,THR,0.7629,"hbond_acceptor;hbond_donor"
ligand,316,LEU,0.7629,"hydrophobic"
ligand,269,ARG,0.7520,"hbond_donor;positive_ionizable"
receptor,122,THR,0.7433,"hbond_acceptor;hbond_donor"
ligand,317,ARG,0.7433,"hbond_donor;positive_ionizable"
receptor,166,GLY,0.7362,"none"
ligand,276,GLY,0.7232,"none"
receptor,58,SER,0.6426,"hbond_acceptor;hbond_donor"
ligand,275,SER,0.6426,"hbond_acceptor;hbond_donor"
receptor,121,ALA,0.6362,"hydrophobic"
receptor,57,LEU,0.5722,"hydrophobic"
ligand,274,GLY,0.5722,"none"
receptor,197,ARG,0.5045,"hbond_donor;positive_ionizable"
receptor,123,LEU,0.4721,"hydrophobic"
ligand,304,LEU,0.4721,"hydrophobic"
receptor,175,SER,0.4542,"hbond_acceptor;hbond_donor"
receptor,63,MET,0.4448,"hydrophobic"
ligand,305,LYS,0.4414,"hbond_donor;positive_ionizable"
ligand,267,VAL,0.4365,"hydrophobic"
receptor,170,TYR,0.4114,"aromatic;hbond_acceptor;hbond_donor;hydrophobic"
receptor,242,CYX,0.4072,"hydrophobic"
receptor,218,CYX,0.3645,"hydrophobic"
receptor,173,PRO,0.2994,"hydrophobic"
receptor,169,SER,0.2821,"hbond_acceptor;hbond_donor"
receptor,172,GLY,0.2288,"none"
receptor,174,SER,0.2278,"hbond_acceptor;hbond_donor"
receptor,171,GLU,0.2081,"hbond_acceptor;negative_ionizable"
